,OBJECTID,PROVINCE,DISTRICT,TEHSIL,SHAPE_Leng,Area_Sq_Km,Shape_Le_1,Shape_Area,id,penta3_in_clinic,penta3_out_clinic,,,,,,,,,
286,288,PUNJAB,ATTOCK,ATTOCK,2.186162182,1090.680046,2.186162189,0.10594393,286,2237,9078,,,,,,,,,
287,289,PUNJAB,ATTOCK,FATEH JANG,1.880922109,1310.418396,1.880922114,0.126920035,287,4163,6446,,,,,,,,,
288,290,PUNJAB,ATTOCK,HASSANABDAL,1.279832651,381.1598371,1.279832648,0.037038711,288,2047,2827,,,,,,,,,
289,291,PUNJAB,ATTOCK,HAZRO,1.211388954,387.0772072,1.211388957,0.03767185,289,2887,5980,,,,,,,,,
290,292,PUNJAB,ATTOCK,JAND,3.181302985,2122.889961,3.181302987,0.205458977,290,3970,9708,,,,,,,,,
291,293,PUNJAB,ATTOCK,PINDI GHEB,2.347844041,1544.914766,2.34784404,0.149286317,291,3897,10941,,,,,,,,,
292,294,PUNJAB,BAHAWALNAGAR,BAHAWALNAGAR,2.129121714,1803.39534,2.166427079,0.186810514,292,2162,29766,,,,,,,,,
293,295,PUNJAB,BAHAWALNAGAR,CHISHTIAN,2.451055327,1823.783943,2.451055317,0.169562479,293,2672,19649,,,,,,,,,
294,296,PUNJAB,BAHAWALNAGAR,FORT ABBAS,2.751614843,2401.524569,2.751614843,0.222078141,294,479,5884,,,,,,,,,
295,297,PUNJAB,BAHAWALNAGAR,HAROONABAD,1.617578582,1130.125824,1.617578582,0.104785487,295,2059,12151,,,,,,,,,
296,298,PUNJAB,BAHAWALNAGAR,MINCHINABAD,2.013803814,1417.679379,2.013803812,0.132189416,296,895,16361,,,,,,,,,
297,299,PUNJAB,BAHAWALPUR,AHMADPUR EAST,1.931786626,1478.924056,1.931786623,0.137260384,297,7822,37278,,,,,,,,,
298,300,PUNJAB,BAHAWALPUR,BAHAWALPUR,2.739409568,1181.252134,2.73940957,0.109628405,298,3349,36375,,,,,,,,,
299,301,PUNJAB,BAHAWALPUR,BAHAWALPUR CITY,1.531526299,245.8268377,1.5315263,0.022836469,299,1417,10457,,,,,,,,,
300,302,PUNJAB,BAHAWALPUR,HASILPUR,2.466033916,1124.316725,2.466033913,0.104523332,300,2968,18213,,,,,,,,,
301,303,PUNJAB,BAHAWALPUR,KHAIRPUR TAMEWALI,1.748005434,725.3348086,1.748005434,0.067444291,301,1463,13296,,,,,,,,,
302,304,PUNJAB,BAHAWALPUR,YAZMAN,8.008162027,19177.74593,8.008162027,1.768815314,302,3736,31134,,,,,,,,,
303,305,PUNJAB,BHAKKAR,BHAKKAR,2.325353579,1830.761821,2.325353584,0.173854499,303,3487,17146,,,,,,,,,
304,306,PUNJAB,BHAKKAR,DARYA KHAN,2.045100053,1384.662065,2.045100055,0.131844215,304,1919,8438,,,,,,,,,
305,307,PUNJAB,BHAKKAR,KALUR KOT,1.938066912,1749.697323,1.938066912,0.167006998,305,1062,10210,,,,,,,,,
306,308,PUNJAB,BHAKKAR,MANKERA,2.753520507,3560.984941,2.753520506,0.337580095,306,986,4752,,,,,,,,,
307,309,PUNJAB,CHAKWAL,CHAKWAL,2.431625808,2198.634029,2.43162581,0.211625246,307,3980,21040,,,,,,,,,
308,310,PUNJAB,CHAKWAL,CHOA SAIDAN SHAH,1.284637634,501.7189028,1.284637634,0.04814212,308,700,4562,,,,,,,,,
309,311,PUNJAB,CHAKWAL,KALLAR KAHAR,1.518710344,831.6598444,1.518710344,0.079859436,309,779,6465,,,,,,,,,
310,312,PUNJAB,CHAKWAL,TALA GANG,2.913187457,3161.008132,2.913187454,0.304179588,310,3167,15809,,,,,,,,,
311,313,PUNJAB,CHINIOT,BHAWANA,1.547977369,933.5254499,1.547977369,0.088453751,311,1750,13617,,,,,,,,,
312,314,PUNJAB,CHINIOT,CHINIOT,1.654682926,699.4581965,1.654682926,0.066353486,312,2616,21135,,,,,,,,,
313,315,PUNJAB,CHINIOT,LALIAN,2.451112265,983.0416609,2.451112269,0.093358465,313,1854,14710,,,,,,,,,
314,316,PUNJAB,DERA GHAZI KHAN,DE-EXCLUDED AREA D.G.KHAN,3.961722829,5400.391603,3.961722834,0.507164769,314,274,2544,,,,,,,,,
315,317,PUNJAB,DERA GHAZI KHAN,DERA GHAZI KHAN,3.019182145,3621.19031,3.019182145,0.338753255,315,12684,58106,,,,,,,,,
316,318,PUNJAB,DERA GHAZI KHAN,TAUNSA,2.636205832,2664.574149,2.636205833,0.251513981,316,6552,23540,,,,,,,,,
317,319,PUNJAB,FAISALABAD,CHAK JHUMRA,1.033828834,524.8894476,1.033828833,0.049745569,317,607,16178,,,,,,,,,
318,320,PUNJAB,FAISALABAD,FAISALABAD CITY,0.711983253,200.95029,0.711983255,0.019007108,318,1990,82491,,,,,,,,,
319,321,PUNJAB,FAISALABAD,FAISALABAD SADDAR,2.493565212,1295.256034,2.493565212,0.122435614,319,4735,48267,,,,,,,,,
320,322,PUNJAB,FAISALABAD,JARANWALA,2.29158472,1733.365502,2.291584722,0.163703285,320,5164,53556,,,,,,,,,
321,323,PUNJAB,FAISALABAD,SAMUNDARI,1.998344997,869.0343859,1.998344998,0.081899872,321,2051,23304,,,,,,,,,
322,324,PUNJAB,FAISALABAD,TANDLIANWALA,2.685672836,1355.244494,2.685672833,0.12751031,322,3226,25479,,,,,,,,,
323,325,PUNJAB,GUJRANWALA,GUJRANWALA,2.07008537,787.2483043,2.070085366,0.074868866,323,4631,37587,,,,,,,,,
324,326,PUNJAB,GUJRANWALA,GUJRANWALA CITY,0.472759845,79.39860746,0.472759844,0.007550861,324,210,43250,,,,,,,,,
325,327,PUNJAB,GUJRANWALA,KAMOKE,1.649437777,681.3004499,1.649437774,0.064660448,325,3092,19470,,,,,,,,,
326,328,PUNJAB,GUJRANWALA,NOWSHERA VIRKHAN,1.526202241,881.9196452,1.526202235,0.083769478,326,2720,18355,,,,,,,,,
327,329,PUNJAB,GUJRANWALA,WAZIRABAD,1.750099175,1211.967391,1.750099177,0.11553483,327,9337,22656,,,,,,,,,
328,330,PUNJAB,GUJRAT,GUJRAT,2.02288037,1437.931139,2.022880368,0.137498587,328,8935,50107,,,,,,,,,
329,331,PUNJAB,GUJRAT,KHARIAN,1.765562521,1267.417757,1.765562519,0.121413241,329,7665,34278,,,,,,,,,
330,332,PUNJAB,GUJRAT,SARAI ALAMGIR,1.304023851,485.8121932,1.304023849,0.046628505,330,3006,9568,,,,,,,,,
331,333,PUNJAB,HAFIZABAD,HAFIZABAD,1.432639558,1102.350742,1.432639559,0.104911762,331,1667,23551,,,,,,,,,
332,334,PUNJAB,HAFIZABAD,PINDI BHATTIAN,1.586322972,1179.651342,1.586322972,0.112138564,332,1445,15568,,,,,,,,,
333,335,PUNJAB,JHANG,18-HAZARI,2.823827462,1656.389408,2.82382746,0.156673433,333,645,15731,,,,,,,,,
334,336,PUNJAB,JHANG,AHMEDPUR SIAL,1.60514279,862.8911235,1.605142795,0.081254903,334,932,13829,,,,,,,,,
335,337,PUNJAB,JHANG,JHANG,3.519360407,2615.343305,3.519360399,0.247510805,335,4313,55213,,,,,,,,,
336,338,PUNJAB,JHANG,SHORKOT,2.403544303,1227.900047,2.403544305,0.115646879,336,907,18904,,,,,,,,,
337,339,PUNJAB,JHELUM,DINA,2.121086229,724.8865278,2.12108623,0.069687898,337,2663,7876,,,,,,,,,
338,340,PUNJAB,JHELUM,JHELUM,2.178284953,605.6970968,2.178284956,0.05812378,338,3878,12680,,,,,,,,,
339,341,PUNJAB,JHELUM,PIND DADAN KHAN,2.225782844,1347.723501,2.225782845,0.129115103,339,3880,12996,,,,,,,,,
340,342,PUNJAB,JHELUM,SOHAWA,2.061695422,911.996249,2.061695421,0.087725211,340,2166,6499,,,,,,,,,
341,343,PUNJAB,KASUR,CHUNIAN,1.829771067,1181.824037,1.829771068,0.110947596,341,2577,18298,,,,,,,,,
342,344,PUNJAB,KASUR,KASUR,2.922866467,1458.187474,2.922866472,0.13705006,342,5320,33690,,,,,,,,,
343,345,PUNJAB,KASUR,KOT RADHA KISHAN,1.075008566,429.9614686,1.075008564,0.040471378,343,2486,12563,,,,,,,,,
344,346,PUNJAB,KASUR,PATTOKI,1.452080899,844.6348954,1.452080896,0.079517182,344,3613,14625,,,,,,,,,
345,347,PUNJAB,KHANEWAL,JAHANIAN,1.45683001,499.7275092,1.456830011,0.046703746,345,2400,14574,,,,,,,,,
346,348,PUNJAB,KHANEWAL,KABIRWALA,2.096329038,1649.337823,2.096329038,0.154822349,346,2144,42960,,,,,,,,,
347,349,PUNJAB,KHANEWAL,KHANEWAL,1.862525465,1192.841769,1.862525472,0.111678582,347,2720,41143,,,,,,,,,
348,351,PUNJAB,KHUSHAB,KHUSHAB,3.218074331,2948.082752,3.218074331,0.282120634,348,3332,29587,,,,,,,,,
349,352,PUNJAB,KHUSHAB,NOORPUR,2.357705293,2401.751618,2.357705294,0.228638042,349,403,9939,,,,,,,,,
350,353,PUNJAB,KHUSHAB,QAIDABAD,1.852782537,1281.146952,1.85278254,0.122537655,350,812,11114,,,,,,,,,
351,354,PUNJAB,LAHORE,LAHORE CANTT,1.896885665,1037.438417,1.850643339,0.097904132,351,5059,62631,,,,,,,,,
352,355,PUNJAB,LAHORE,LAHORE CITY,1.788990137,656.331331,1.788990136,0.06193089,352,10849,63680,,,,,,,,,
353,356,PUNJAB,LAYYAH,CHAUBARA,2.259733,2940.547238,2.259733002,0.277324077,353,1663,9407,,,,,,,,,
354,357,PUNJAB,LAYYAH,KAROR LAL ESAN,1.771936617,1417.970671,1.771936618,0.134190706,354,6067,17812,,,,,,,,,
355,358,PUNJAB,LAYYAH,LAYYAH,2.083398146,2022.488508,2.083398145,0.190730582,355,14077,32537,,,,,,,,,
356,359,PUNJAB,LODHRAN,DUNYA PUR,1.797124043,806.7679284,1.797124041,0.075233354,356,3118,15663,,,,,,,,,
357,360,PUNJAB,LODHRAN,KARORPACCA,1.694936498,714.550969,1.694936501,0.066497883,357,1841,24575,,,,,,,,,
358,361,PUNJAB,LODHRAN,LODHRAN,1.886046316,1142.963953,1.886046313,0.106353192,358,4259,27259,,,,,,,,,
359,362,PUNJAB,MANDI BAHAUDDIN,MALAKWAL,1.4936461,749.1371911,1.493646097,0.071601917,359,3347,16496,,,,,,,,,
360,363,PUNJAB,MANDI BAHAUDDIN,MANDI BAHAUDDIN,1.355416359,878.7703241,1.355416357,0.084060353,360,6691,27656,,,,,,,,,
361,364,PUNJAB,MANDI BAHAUDDIN,PHALIA,1.909460334,1140.882815,1.90946034,0.108891981,361,1971,21482,,,,,,,,,
362,365,PUNJAB,MIANWALI,ISAKHEL,2.923414387,1883.27458,2.923414383,0.181383173,362,3669,10213,,,,,,,,,
363,366,PUNJAB,MIANWALI,MIANWALI,2.777351015,2952.134573,2.777351017,0.283593038,363,3384,20290,,,,,,,,,
364,367,PUNJAB,MIANWALI,PIPLAN,1.648383419,1197.120733,1.648383418,0.114576015,364,1871,8819,,,,,,,,,
365,368,PUNJAB,MULTAN,JALALPUR PIRWALA,1.583604182,871.275607,1.583604183,0.081089703,365,2507,12696,,,,,,,,,
366,369,PUNJAB,MULTAN,MULTAN CITY,0.907674684,285.7653182,0.907674684,0.026751803,366,3115,50350,,,,,,,,,
367,370,PUNJAB,MULTAN,MULTAN SADDAR,3.305778709,1652.517149,3.305778711,0.154616693,367,7629,30222,,,,,,,,,
368,371,PUNJAB,MULTAN,SHUJABAD,1.365443096,837.9264351,1.365443094,0.078180706,368,3872,12708,,,,,,,,,
369,372,PUNJAB,MUZAFFARGARH,ALIPUR,2.114522537,1237.968804,2.114522536,0.114990192,369,2676,5818,,,,,,,,,
370,373,PUNJAB,MUZAFFARGARH,JATOI,1.722912986,1033.167233,1.722912985,0.096239304,370,2572,4184,,,,,,,,,
371,374,PUNJAB,MUZAFFARGARH,KOT ADDU,2.809586094,3165.655359,2.809586092,0.297259256,371,6329,12441,,,,,,,,,
372,375,PUNJAB,MUZAFFARGARH,MUZAFFARGARH,3.875695969,2232.418571,3.875695966,0.208819362,372,9025,22737,,,,,,,,,
373,376,PUNJAB,NANKANA SAHIB,NANKANA SAHAB,2.811824144,1633.876011,2.811824141,0.154208976,373,2296,38709,,,,,,,,,
374,377,PUNJAB,NANKANA SAHIB,SAFDARABAD,1.373903167,604.0922623,1.373903168,0.057272099,374,2840,15481,,,,,,,,,
375,378,PUNJAB,NANKANA SAHIB,SHAH KOT,0.794801492,244.4324169,0.794801491,0.023134306,375,1741,9424,,,,,,,,,
376,379,PUNJAB,NANKANA SAHIB,SHANGLA HILL,0.985367022,302.8779941,0.985367023,0.028717785,376,739,11131,,,,,,,,,
377,380,PUNJAB,NAROWAL,NAROWAL,1.413114762,732.9301316,1.413114767,0.069553005,377,2525,20543,,,,,,,,,
378,381,PUNJAB,NAROWAL,SHAKARGARH,1.885449826,965.5701445,1.885449828,0.091677596,378,3987,21931,,,,,,,,,
379,382,PUNJAB,NAROWAL,ZAFARWAL,1.529210596,641.6228026,1.526527917,0.061028365,379,2794,14787,,,,,,,,,
380,383,PUNJAB,OKARA,DEPALPUR,2.937883462,2560.283077,2.937883461,0.23973558,380,3973,26451,,,,,,,,,
381,384,PUNJAB,OKARA,OKARA,2.198112709,1248.680945,2.198112706,0.117288231,381,2371,36338,,,,,,,,,
382,385,PUNJAB,OKARA,RENALA KHURD,1.296569638,624.348657,1.296569635,0.058682119,382,1924,13927,,,,,,,,,
383,386,PUNJAB,PAK PATTAN,ARIFWALA,2.39439928,1361.714948,2.249617251,0.108238775,383,2815,35361,,,,,,,,,
384,387,PUNJAB,PAK PATTAN,PAK PATTAN,2.409550206,1536.439339,2.409550205,0.143632581,384,3513,34393,,,,,,,,,
385,388,PUNJAB,RAHIM YAR KHAN,KHAN PUR,3.510491623,3064.414866,3.510491625,0.282515559,385,5379,13652,,,,,,,,,
386,389,PUNJAB,RAHIM YAR KHAN,LIAQAT PUR,4.522301985,4644.395227,4.522301981,0.42783275,386,4994,17150,,,,,,,,,
387,390,PUNJAB,RAHIM YAR KHAN,RAHIM YAR KHAN,3.196135283,2626.683372,3.196135286,0.242015709,387,4047,10636,,,,,,,,,
388,391,PUNJAB,RAHIM YAR KHAN,SADIQABAD,3.346906279,2546.211461,3.346906279,0.234187657,388,6245,10832,,,,,,,,,
389,392,PUNJAB,RAJANPUR,DE-EXCLUDED AREA RAJANPUR,4.676385957,4794.030655,4.676385957,0.445137627,389,0,140,,,,,,,,,
390,393,PUNJAB,RAJANPUR,JAMPUR,2.288839863,2212.121987,2.288839863,0.206002068,390,4561,5522,,,,,,,,,
391,394,PUNJAB,RAJANPUR,RAJANPUR,2.885114138,2718.204275,2.885114139,0.252191747,391,3386,5633,,,,,,,,,
392,395,PUNJAB,RAJANPUR,ROJHAN,2.988328482,2798.617903,2.988328486,0.258689809,392,996,5034,,,,,,,,,
393,396,PUNJAB,RAWALPINDI,GUJAR KHAN,2.320208226,1480.877611,2.320208221,0.142837679,393,4428,13008,,,,,,,,,
394,397,PUNJAB,RAWALPINDI,KAHUTA,1.308554849,614.7388379,1.30855485,0.059512545,394,2980,7193,,,,,,,,,
395,398,PUNJAB,RAWALPINDI,KALLAR SAYYEDAN,1.382076509,471.2151287,1.382076508,0.045533059,395,2641,4213,,,,,,,,,
396,399,PUNJAB,RAWALPINDI,KOTLI SATTIAN,1.14164613,368.7174371,1.141646128,0.035773802,396,620,2830,,,,,,,,,
397,400,PUNJAB,RAWALPINDI,MURREE,1.167401369,384.9036345,1.167401367,0.037383407,397,857,5030,,,,,,,,,
398,401,PUNJAB,RAWALPINDI,RAWALPINDI,2.730416367,1620.552548,2.73041637,0.156662062,398,5772,26382,,,,,,,,,
399,402,PUNJAB,RAWALPINDI,TAXILA,0.896920123,279.556575,0.896920125,0.027136526,399,809,6208,,,,,,,,,
400,403,PUNJAB,SAHIWAL,CHICHAWATNI,2.604384834,1587.548238,2.604384835,0.148738681,400,2173,28780,,,,,,,,,
401,404,PUNJAB,SAHIWAL,SAHIWAL_SAHIWAL,2.470416604,1644.621745,2.470416602,0.154299986,401,2666,59239,,,,,,,,,
402,405,PUNJAB,SARGODHA,BHALWAL,1.869846301,1282.585642,1.869846293,0.122544463,402,4413,23628,,,,,,,,,
403,406,PUNJAB,SARGODHA,KOT MOMIN,1.454933777,893.8070359,1.454933776,0.085142475,403,2342,8335,,,,,,,,,
404,407,PUNJAB,SARGODHA,SAHIWAL,1.583097961,759.8902417,1.583097956,0.072309003,404,1073,12217,,,,,,,,,
405,408,PUNJAB,SARGODHA,SARGODHA,2.672250258,1457.875837,2.672250251,0.138883927,405,4424,48335,,,,,,,,,
406,409,PUNJAB,SARGODHA,SHAHPUR,1.556400454,788.0076131,1.556400453,0.075240038,406,2064,11386,,,,,,,,,
407,410,PUNJAB,SARGODHA,SILLANWALI,1.764301288,611.3425901,1.764301288,0.058098409,407,1437,14658,,,,,,,,,
408,411,PUNJAB,SHEIKHUPURA,FEROZEWALA,1.415148576,459.8054257,1.41514858,0.043500421,408,3818,16059,,,,,,,,,
409,412,PUNJAB,SHEIKHUPURA,MURIDKE,1.941678065,949.5785871,1.941678064,0.089976235,409,2718,22060,,,,,,,,,
410,413,PUNJAB,SHEIKHUPURA,SHARAK PUR,1.046548929,375.5976093,1.04654893,0.035484738,410,945,4757,,,,,,,,,
411,414,PUNJAB,SHEIKHUPURA,SHEIKHUPURA,2.180575115,1260.024663,2.180575111,0.119367239,411,4762,43731,,,,,,,,,
412,415,PUNJAB,SIALKOT,DASKA,1.762775262,754.4180099,1.762775259,0.071829877,412,6751,24606,,,,,,,,,
413,416,PUNJAB,SIALKOT,PASRUR,1.818256158,1022.206276,1.898750363,0.097260731,413,5462,21607,,,,,,,,,
414,417,PUNJAB,SIALKOT,SAMBRIAL,0.93038272,361.486893,0.930382718,0.03450157,414,2846,11793,,,,,,,,,
415,418,PUNJAB,SIALKOT,SIALKOT,1.671297656,973.1594714,1.980599573,0.092913018,415,5570,41019,,,,,,,,,
416,419,PUNJAB,TOBA TEK SINGH,GOJRA,1.768058201,691.3388352,1.768058205,0.065242207,416,2557,19847,,,,,,,,,
417,421,PUNJAB,TOBA TEK SINGH,TOBA TEK SINGH,2.285254957,1270.461653,2.285254964,0.119640397,417,5488,35997,,,,,,,,,
418,422,PUNJAB,VEHARI,BUREWALA,2.325331321,1501.832367,2.325331319,0.140263986,418,4120,32123,,,,,,,,,
419,423,PUNJAB,VEHARI,MAILSI,2.743828003,1600.701712,2.743828008,0.149272386,419,5858,29166,,,,,,,,,
420,424,PUNJAB,VEHARI,VEHARI,2.230502458,1391.50063,2.230502456,0.129881336,420,2867,23819,,,,,,,,,
552,420,PUNJAB,TOBA TEK SINGH,KAMALIA,2.226345171,1117.021028,2.225943378,0.104929681,552,2564,21401,,,,,,,,,
553,350,PUNJAB,KHANEWAL,MIAN CHANNU,1.958708515,1025.931166,1.958306725,0.096137607,553,4702,37961,,,,,,,,,